case,dice_Anterior,dice_Posterior,iou_Anterior,iou_Posterior,hd95_mm_Anterior,hd95_mm_Posterior,assd_mm_Anterior,assd_mm_Posterior,nsd_Anterior,nsd_Posterior,dice_mean
hippocampus_222,0.7796014,0.69382393,0.63880885,0.5311871,2.236068,3.0,0.8720544,1.0662255,0.7521614,0.64085823,0.7367127
hippocampus_310,0.8064769,0.74967164,0.67571115,0.5995798,2.0,2.828427,0.8116288,0.8768386,0.8022637,0.77597404,0.77807426
hippocampus_358,0.77332413,0.78783876,0.63042253,0.6499455,4.0,3.7416575,0.8792342,0.7678998,0.78565675,0.8534543,0.7805815
hippocampus_336,0.76645267,0.81854117,0.6213403,0.6928224,2.828427,2.236068,0.87757546,0.6331277,0.7532467,0.882938,0.7924969
hippocampus_099,0.81890386,0.78674257,0.6933423,0.6484547,1.7320508,3.0243356,0.6874605,0.7895947,0.8668555,0.8306998,0.8028232
hippocampus_329,0.81024325,0.80902165,0.6810159,0.67929167,1.7320508,1.4142135,0.81634635,0.7184923,0.7723404,0.9269256,0.8096324
hippocampus_219,0.8787214,0.7570868,0.78367805,0.6091228,1.4142135,2.236068,0.5425782,0.7508143,0.9412752,0.8366638,0.8179041
hippocampus_305,0.82846713,0.80887246,0.7071651,0.6790813,1.7320508,1.4142135,0.70632213,0.62705153,0.84313726,0.89705884,0.8186698
hippocampus_360,0.8188235,0.8413661,0.6932271,0.7261708,2.0,2.0,0.731419,0.5536075,0.78982484,0.890762,0.8300948
hippocampus_378,0.8276131,0.8505383,0.7059215,0.7399449,2.0,2.0,0.6454644,0.50329435,0.8489209,0.9231279,0.8390757
hippocampus_166,0.85076076,0.82814956,0.7402817,0.7067024,3.0,3.0,0.6420022,0.6915941,0.84052074,0.865233,0.8394551
hippocampus_322,0.8364214,0.8428944,0.7188353,0.7284507,2.236068,2.236068,0.699249,0.5776093,0.88278633,0.91366905,0.8396579
hippocampus_038,0.84590167,0.8362859,0.73295456,0.71863514,1.4142135,2.0,0.667289,0.6120059,0.9180212,0.9347241,0.8410938
hippocampus_163,0.85189503,0.83622134,0.742001,0.7185399,2.0,2.828427,0.67375267,0.63620067,0.8328244,0.85722786,0.84405816
hippocampus_385,0.85969704,0.8378378,0.75391984,0.7209302,2.0,2.236068,0.6352832,0.60095155,0.86621624,0.88535506,0.8487674
hippocampus_296,0.8700073,0.8299136,0.76992285,0.7092755,1.4142135,1.4142135,0.59751207,0.619936,0.91902566,0.9038576,0.84996045
hippocampus_075,0.84392154,0.86389524,0.7299864,0.760401,2.0,2.0,0.63390785,0.5340191,0.8336557,0.9075067,0.8539084
hippocampus_363,0.87172633,0.84834665,0.7726196,0.73663366,2.0,2.0,0.5797253,0.5556677,0.9005682,0.90554154,0.8600365
hippocampus_354,0.8755227,0.8446187,0.7786041,0.7310302,1.0,1.4142135,0.5106157,0.5163205,0.95737964,0.95531917,0.8600707
hippocampus_269,0.8793201,0.84698147,0.78463095,0.7345775,1.0,1.4142135,0.5080754,0.5454219,0.9698457,0.94207513,0.8631508
hippocampus_341,0.893586,0.8341198,0.8076416,0.7154421,1.0,1.4142135,0.44832572,0.5557753,0.97148114,0.9451852,0.86385286
hippocampus_124,0.87042415,0.86376274,0.7705761,0.76019573,1.4142135,1.4142135,0.5635539,0.48512998,0.91981846,0.9470154,0.86709344
hippocampus_089,0.8610944,0.8745108,0.7560718,0.7770051,1.4142135,1.0,0.57444876,0.48455784,0.9350746,0.97024894,0.8678026
hippocampus_048,0.9042184,0.8318377,0.8251812,0.71209085,1.0,1.4142135,0.4574398,0.5410283,0.97761196,0.9503106,0.86802804
hippocampus_176,0.89712167,0.8407148,0.8134367,0.7252011,1.0,2.236068,0.4581341,0.56919736,0.97743815,0.91491085,0.86891824
hippocampus_215,0.8863292,0.85654885,0.7958628,0.7490909,1.0,1.4142135,0.49240848,0.49995893,0.9706564,0.94591194,0.871439
hippocampus_327,0.8621701,0.8827977,0.757732,0.7901861,2.0,1.4142135,0.5665446,0.4245873,0.8965287,0.95228356,0.8724839
hippocampus_276,0.8756017,0.8892405,0.77872914,0.8005698,1.4142135,1.0,0.5542384,0.41201797,0.95896757,0.98740375,0.88242114
hippocampus_135,0.89662445,0.8758905,0.8126195,0.7791861,1.0,1.4142135,0.42935395,0.4337331,0.97106385,0.94929796,0.88625747
hippocampus_133,0.901486,0.8815375,0.8206413,0.788169,1.0,1.0,0.44968304,0.45182744,0.97193503,0.9782766,0.89151174
hippocampus_026,0.90282637,0.88596743,0.82286555,0.7952796,1.4142135,1.7320508,0.41381103,0.4633389,0.95432186,0.95433486,0.8943969
hippocampus_008,0.8965713,0.90462875,0.8125321,0.82586503,1.4142135,1.0,0.4574071,0.37463388,0.9520295,0.97795165,0.9006
hippocampus_006,0.907605,0.90556,0.8308396,0.82741857,1.4142135,1.0,0.4432033,0.37628356,0.96183205,0.980025,0.9065825
hippocampus_263,0.9051322,0.90836227,0.82670456,0.83210963,1.0,1.0,0.39722413,0.35511494,0.96171874,0.9781659,0.9067472
hippocampus_098,0.8984244,0.91690964,0.81558126,0.846568,1.1656703,1.0,0.42510727,0.2939375,0.9698745,0.9776358,0.90766704
hippocampus_189,0.921104,0.89775705,0.8537468,0.81448203,1.0,1.0,0.34252426,0.37625727,0.98783976,0.979734,0.9094305
hippocampus_017,0.9133935,0.9088111,0.84059274,0.8328632,1.0,1.0,0.3852861,0.317108,0.97099537,0.97879285,0.9111023
hippocampus_162,0.9283019,0.89399296,0.86619717,0.8083067,1.0,1.4142135,0.33024317,0.42483833,0.9841954,0.9609652,0.9111474
hippocampus_149,0.9220381,0.9299236,0.85535306,0.86902547,1.0,1.0,0.35366362,0.27057397,0.9837001,0.99449253,0.9259808
